﻿{
    "schemaVersion":"2.2",
    "description":"Disable Remote Access - SSH or RDP cross-platform",
    "mainSteps":[
       {
          "action":"aws:runPowerShellScript",
          "name":"DisableRDP",
          "precondition":{
             "StringEquals":[
                "platformType",
                "Windows"
             ]
          },
          "inputs":{
             "runCommand":[
                "Disable-NetFirewallRule -DisplayGroup 'Remote Desktop'",
 
                 "$RDPenabled = Get-ItemProperty 'HKLM:\\SYSTEM\\CurrentControlSet\\Control\\Terminal Server' -Name fDenyTSConnections",
 
                 "if ($RDPenabled.fDenyTSConnections -eq 0) {",
                 "Write-Host 'RDP was enabled - will now disable'",
                 "Set-ItemProperty 'HKLM:\\SYSTEM\\CurrentControlSet\\Control\\Terminal Server' -Name fDenyTSConnections -Value 1",
                 "net stop UmRdpService /y",
                 "net stop TermService /y",
                 "net start TermService",
                 "net start UmRdpService",
                 "}",
                 "else { Write-Host 'RDP was already disabled'}"
             ]
          }
       },
       {
          "action":"aws:runShellScript",
          "name":"DisableSSH",
          "precondition":{
             "StringEquals":[
                "platformType",
                "Linux"
             ]
          },
          "inputs":{
             "runCommand":[
                 "#!/bin/bash",
                 "service=/usr/sbin/sshd",
                 "if (( $(ps -ef | grep -v grep | grep $service | wc -l) < 1 ))",
                 "then",
                 "echo \"$service is already disabled\"",
                 "else",
                 "/etc/init.d/sshd stop && echo \"SSH damen stopped by SSM\"",
                 "fi"
             ]
          }
       }
    ]
 }